<?xml version="1.0" encoding="UTF-8"?>
<project-private xmlns="http://www.netbeans.org/ns/project-private/1">
    <editor-bookmarks xmlns="http://www.netbeans.org/ns/editor-bookmarks/2" lastBookmarkId="0"/>
    <open-files xmlns="http://www.netbeans.org/ns/projectui-open-files/2">
        <group>
            <file>file:/D:/Documents/NetBeansProjects/DoguinhoSaver/web/index.html</file>
            <file>file:/D:/Documents/NetBeansProjects/DoguinhoSaver/src/java/br/edu/ifpe/recife/model/repositorios/RepositorioUsuario.java</file>
            <file>file:/D:/Documents/NetBeansProjects/DoguinhoSaver/src/java/br/edu/ifpe/recife/model/negocio/Ong.java</file>
            <file>file:/D:/Documents/NetBeansProjects/DoguinhoSaver/src/java/br/edu/ifpe/recife/model/negocio/Doguinho.java</file>
            <file>file:/D:/Documents/NetBeansProjects/DoguinhoSaver/src/java/br/edu/recife/controllers/CadastroUsuarioServlet.java</file>
            <file>file:/D:/Documents/NetBeansProjects/DoguinhoSaver/src/java/br/edu/ifpe/recife/model/negocio/Alerta.java</file>
            <file>file:/D:/Documents/NetBeansProjects/DoguinhoSaver/src/java/br/edu/recife/controllers/UsuariosServlet.java</file>
            <file>file:/D:/Documents/NetBeansProjects/DoguinhoSaver/src/java/br/edu/ifpe/recife/model/negocio/Usuario.java</file>
            <file>file:/D:/Documents/NetBeansProjects/DoguinhoSaver/web/CadastroUsuario.html</file>
        </group>
    </open-files>
</project-private>
